{
  "nb-sistem": {
    "ad": "KÖSTER NB Sistem Kristalize Su Yalıtım Aracı",
    "aciklama": "Negatif ve pozitif yönden uygulanabilen, kristalize etkili su yalıtım malzemesi.",
    "pdf": "https://koster.com.tr/pdf/nb-sistem.pdf",
    "video": "https://www.youtube.com/embed/example1",
    "teknik": [
      "Gri renkli, tek bileşenli",
      "Çimento esaslı, kristalize",
      "Su geçirimsizlik: DIN 1048",
      "Uygulama: Fırça veya püskürtme"
    ],
    "uygulama": "Bodrum duvarları, perde betonlar, temel altı plakalar, su depoları, istinat duvarları",
    "gorsel": "https://via.placeholder.com/600x400"
  },
  "nb-super-elastik": {
    "ad": "NB Super Elastik Beyaz",
    "aciklama": "Yüksek elastikiyete sahip, iki bileşenli su yalıtım harcı.",
    "pdf": "https://koster.com.tr/pdf/nb-super-elastik.pdf",
    "video": "https://www.youtube.com/embed/example2",
    "teknik": [
      "Renk: Beyaz",
      "Karışım oranı: A:B = 1:2",
      "Su geçirimsizlik: DIN EN 14891",
      "Uygulama: Fırça veya mala ile"
    ],
    "uygulama": "Teraslar, balkonlar, dış cepheler, duş ve ıslak hacimler",
    "gorsel": "https://via.placeholder.com/600x400"
  },
  "polyflex-2k": {
    "ad": "Polyflex 2K",
    "aciklama": "Esnek, iki bileşenli, çatlak köprüleme özelliğine sahip yalıtım kaplaması.",
    "pdf": "https://koster.com.tr/pdf/polyflex-2k.pdf",
    "video": "https://www.youtube.com/embed/example3",
    "teknik": [
      "Tüketim: ~3 kg/m²",
      "Esneklik: %90",
      "UV dayanımı yüksek",
      "Uygulama: Fırça veya rulo ile"
    ],
    "uygulama": "Teras, temel duvarı, zemin altı, dış cephe su izolasyonu",
    "gorsel": "https://via.placeholder.com/600x400"
  }
}